Community,Source Node
0,{9304045.0}
1,{9510234.0}
2,{9702094.0}
3,{9712042.0}
4,{9204040.0}
5,{9203084.0}
6,{9204035.0}
7,{9205041.0}
8,{9207049.0}
9,{9207111.0}
10,{9301042.0}
11,{9301043.0}
12,{9201015.0}
13,{9201040.0}
14,{9202046.0}
15,{9202059.0}
16,{9202092.0}
17,{9203008.0}
18,{9203031.0}
19,{9204037.0}
20,{9204046.0}
21,{9205046.0}
22,{9205060.0}
23,{9205068.0}
24,{9206023.0}
25,{9206051.0}
26,{9207016.0}
27,{9208076.0}
28,{9209052.0}
29,{9210015.0}
30,{9210021.0}
31,{9210121.0}
32,{9211021.0}
33,{9211041.0}
34,{9301005.0}
35,{9302069.0}
36,{9305139.0}
37,{9204102.0}
38,{9211097.0}
39,{9402044.0}
40,{9403195.0}
41,{9205081.0}
42,{9207053.0}
43,{9208055.0}
44,{9209016.0}
45,{9410210.0}
46,{9205027.0}
47,{9406012.0}
48,{9411178.0}
49,{9201059.0}
50,{9309152.0}
51,{9207060.0}
52,{9507048.0}
53,{9304135.0}
54,{9507151.0}
55,{9201056.0}
56,{9206080.0}
57,{9204030.0}
58,{9205009.0}
59,{9206101.0}
60,{9409111.0}
61,{9506101.0}
62,{9602118.0}
63,{9602098.0}
64,{9511157.0}
65,{9505082.0}
66,{9612114.0}
67,{9204060.0}
68,{9205004.0}
69,{9304026.0}
70,{9207091.0}
71,{9210068.0}
72,{9510074.0}
73,{9512006.0}
74,{9606073.0}
75,{9703007.0}
76,{9801057.0}
77,{9711165.0}
78,{9511194.0}
79,{9805170.0}
80,{9807138.0}
81,{9810163.0}
82,{9405012.0}
83,{9610148.0}
84,{9611159.0}
85,{9908091.0}
86,{9212115.0}
87,{9511169.0}
88,{9907178.0}
89,{9201007.0}
90,{9204031.0}
91,{9304062.0}
92,{9306005.0}
93,{9905012.0}
94,{9202037.0}
95,{9206004.0}
96,{9202014.0}
97,{9203083.0}
98,{9309089.0}
99,{9402085.0}
100,{9601075.0}
101,{9803084.0}
102,{9204099.0}
103,{9808006.0}
104,{9812144.0}
105,{9310151.0}
106,{9910093.0}
107,{9907080.0}
108,{9301052.0}
109,{9909130.0}
110,{9405029.0}
111,{1003.0}
112,{9912160.0}
113,{9810131.0}
114,{9805026.0}
115,{9908036.0}
116,{208020.0}
117,{9306145.0}
118,{9309093.0}
119,{9411134.0}
120,{9610192.0}
121,{9611064.0}
122,{9604128.0}
123,{9709216.0}
124,{9812193.0}
125,{9903139.0}
126,{9612078.0}
127,{9204036.0}
128,{9205040.0}
129,{9212060.0}
130,{9304009.0}
131,{9404108.0}
132,{9405019.0}
133,{9611071.0}
134,{9805023.0}
135,{9310187.0}
136,{9402039.0}
137,{9505175.0}
138,{9802052.0}
139,{9312182.0}
140,{9909164.0}
141,{9206032.0}
142,{9708120.0}
143,{9910079.0}
144,{9910243.0}
145,{9501063.0}
146,{9405171.0}
147,{9610193.0}
148,{9812013.0}
149,{9301008.0}
150,{9301014.0}
151,{9303112.0}
152,{9202013.0}
153,{9202057.0}
154,{9212147.0}
155,{9303068.0}
156,{9311011.0}
157,{9205074.0}
158,{9610215.0}
159,{9608174.0}
160,{9505176.0}
161,{9611043.0}
162,{9803117.0}
163,{9803265.0}
164,{9308139.0}
165,{9405069.0}
166,{9608042.0}
167,{9204083.0}
168,{9611164.0}
169,{9612121.0}
170,{9706177.0}
171,{101093.0}
172,{9603053.0}
173,{9709042.0}
174,{9707002.0}
175,{9809039.0}
176,{9207011.0}
177,{9309028.0}
178,{9810147.0}
179,{9205059.0}
180,{9206053.0}
181,{9302035.0}
182,{9506136.0}
183,{9507109.0}
184,{9204088.0}
185,{9206047.0}
186,{9208027.0}
187,{9205034.0}
188,{9211016.0}
189,{9305043.0}
190,{9311083.0}
191,{9208075.0}
192,{9306044.0}
193,{9805067.0}
194,{9502097.0}
195,{9903266.0}
196,{9904136.0}
197,{9606105.0}
198,{9805022.0}
199,{9807078.0}
200,{9710225.0}
201,{9607049.0}
202,{9301068.0}
203,{9404077.0}
204,{9606104.0}
205,{9302047.0}
206,{9303139.0}
207,{9806199.0}
208,{9609035.0}
209,{9905215.0}
210,{9406160.0}
211,{9506026.0}
212,{9611228.0}
213,{9710046.0}
214,{9611026.0}
215,{9802067.0}
216,{9804177.0}
217,{1113.0}
218,{9510221.0}
219,{9710101.0}
220,{9311060.0}
221,{9406048.0}
222,{9503023.0}
223,{9703187.0}
224,{9608070.0}
225,{9412055.0}
226,{9705101.0}
227,{9802149.0}
228,{9811054.0}
229,{9811174.0}
230,{9607186.0}
231,{9601019.0}
232,{9805177.0}
233,{9204024.0}
234,{9407044.0}
235,{9311117.0}
236,{9610131.0}
237,{9208026.0}
238,{9503226.0}
239,{9506132.0}
240,{9311055.0}
241,{9211035.0}
242,{9403056.0}
243,{9306009.0}
244,{9610153.0}
245,{9207103.0}
246,{9312153.0}
247,{9405107.0}
248,{9202074.0}
249,{9205090.0}
250,{9301062.0}
251,{9304164.0}
252,{9409167.0}
253,{9804185.0}
254,{9505128.0}
255,{9702027.0}
256,{9809102.0}
257,{9911080.0}
258,{9301050.0}
259,{9905196.0}
260,{9205115.0}
261,{9307066.0}
262,{9206026.0}
263,{9710007.0}
264,{9201020.0}
265,{9409117.0}
266,{9611024.0}
267,{9703010.0}
268,{9711099.0}
269,{9805148.0}
270,{9807166.0}
271,{9907013.0}
272,{9202054.0}
273,{9201014.0}
274,{9202039.0}
275,{9207004.0}
276,{9207094.0}
277,{9209085.0}
278,{9212149.0}
279,{9302048.0}
280,{9303046.0}
281,{9304087.0}
282,{9305079.0}
283,{9211119.0}
284,{9307151.0}
285,{9205051.0}
286,{9206016.0}
287,{9311049.0}
288,{9211072.0}
289,{9310003.0}
290,{9612214.0}
291,{9710246.0}
292,{9701163.0}
293,{9202085.0}
294,{9311092.0}
295,{9402113.0}
296,{9710006.0}
297,{9807076.0}
298,{9901146.0}
299,{9405110.0}
300,{9201036.0}
301,{9206063.0}
302,{209014.0}
303,{9201021.0}
304,{9203056.0}
305,{9203077.0}
306,{9205030.0}
307,{9207001.0}
308,{9209118.0}
309,{9210010.0}
310,{9210017.0}
311,{9301021.0}
312,{9304012.0}
313,{9307025.0}
314,{9212003.0}
315,{9308002.0}
316,{9201017.0}
317,{9201041.0}
318,{9202021.0}
319,{9204044.0}
320,{9204065.0}
321,{9205018.0}
322,{9205088.0}
323,{9206061.0}
324,{9206097.0}
325,{9207067.0}
326,{9208047.0}
327,{9209007.0}
328,{9210026.0}
329,{9210115.0}
330,{9211096.0}
331,{9211107.0}
332,{9212072.0}
333,{9303027.0}
334,{9303167.0}
335,{9304061.0}
336,{9307088.0}
337,{9310166.0}
338,{9401161.0}
339,{9404170.0}
340,{9502010.0}
341,{9908038.0}
342,{9510083.0}
343,{9502025.0}
344,{9601092.0}
345,{9902022.0}
346,{9708029.0}
347,{9801184.0}
348,{9902200.0}
349,{9903165.0}
350,{9209003.0}
351,{9508111.0}
352,{9610248.0}
353,{9812136.0}
354,{9307001.0}
355,{9607141.0}
356,{9804023.0}
357,{9809163.0}
358,{9209101.0}
359,{9811194.0}
360,{9201054.0}
361,{9312159.0}
362,{9710016.0}
363,{9804014.0}
364,{9406175.0}
365,{9811228.0}
366,{9612009.0}
367,{9402138.0}
368,{9204048.0}
369,{9910096.0}
370,{9609034.0}
371,{9802129.0}
372,{9911237.0}
373,{9802195.0}
374,{9209032.0}
375,{9303160.0}
376,{9510091.0}
377,{9404162.0}
378,{9201004.0}
379,{9211025.0}
380,{9302049.0}
381,{9303025.0}
382,{9303122.0}
383,{9308129.0}
384,{9409043.0}
385,{9309030.0}
386,{9712258.0}
387,{9808020.0}
388,{9809145.0}
389,{9812252.0}
390,{9502162.0}
391,{9411047.0}
392,{9707005.0}
393,{9210090.0}
394,{9408013.0}
395,{9504080.0}
396,{9307038.0}
397,{9511055.0}
398,{9402123.0}
399,{1039.0}
400,{9308048.0}
401,{9504029.0}
402,{9505157.0}
403,{9603021.0}
404,{9610017.0}
405,{9912054.0}
406,{9208059.0}
407,{9908014.0}
408,{9205015.0}
409,{9212140.0}
410,{9401031.0}
411,{9304159.0}
412,{9204004.0}
413,{9206021.0}
414,{9509084.0}
415,{9607110.0}
416,{9712074.0}
417,{9210099.0}
418,{9412147.0}
419,{9309035.0}
420,{9509073.0}
421,{9510140.0}
422,{9609014.0}
423,{9506035.0}
424,{9904074.0}
425,{9402015.0}
426,{9707057.0}
427,{9710175.0}
428,{9210147.0}
429,{9302107.0}
430,{9302119.0}
431,{9808073.0}
432,{9902181.0}
433,{9202015.0}
434,{9605088.0}
435,{9512070.0}
436,{9402023.0}
437,{9512118.0}
438,{9606078.0}
439,{9702204.0}
440,{9704210.0}
441,{9302117.0}
442,{9803128.0}
443,{9208009.0}
444,{9301069.0}
445,{9306077.0}
446,{9407124.0}
447,{9810170.0}
448,{9703083.0}
449,{9707128.0}
450,{9605006.0}
451,{9211118.0}
452,{9509067.0}
453,{9205070.0}
454,{9212006.0}
455,{9607050.0}
456,{9701019.0}
457,{9712070.0}
458,{1050.0}
459,{9310025.0}
460,{9307155.0}
461,{9404003.0}
462,{9406030.0}
463,{9406031.0}
464,{9503127.0}
465,{9204085.0}
466,{9304121.0}
467,{9303040.0}
468,{9305099.0}
469,{9211075.0}
470,{9712256.0}
471,{9806024.0}
472,{9206107.0}
473,{9207118.0}
474,{9201080.0}
475,{9406063.0}
476,{9304011.0}
477,{9607129.0}
478,{9903086.0}
479,{9808014.0}
480,{9904187.0}
481,{9705131.0}
482,{9203033.0}
483,{9205037.0}
484,{9210076.0}
485,{9211061.0}
486,{9201064.0}
487,{9201072.0}
488,{9503012.0}
489,{9505190.0}
490,{9606168.0}
491,{9608121.0}
492,{9608161.0}
493,{9209018.0}
494,{9212062.0}
495,{9311128.0}
496,{9402147.0}
497,{9407192.0}
498,{9602147.0}
499,{9301003.0}
500,{9305097.0}
501,{9307085.0}
502,{9812007.0}
503,{9812044.0}
504,{9901131.0}
505,{9902058.0}
506,{9902110.0}
507,{9903120.0}
508,{9904024.0}
509,{9904035.0}
510,{9207064.0}
511,{9809158.0}
512,{9304146.0}
513,{9701113.0}
514,{9505058.0}
515,{9604134.0}
516,{9610112.0}
517,{9607227.0}
518,{9406199.0}
519,{9410141.0}
520,{9512108.0}
521,{9601128.0}
522,{9301114.0}
523,{9307174.0}
524,{9310032.0}
525,{9403171.0}
526,{9506040.0}
527,{9507159.0}
528,{9610012.0}
529,{9403111.0}
530,{9706214.0}
531,{9405024.0}
532,{9208038.0}
533,{9206008.0}
534,{9203016.0}
535,{9210091.0}
536,{9203038.0}
537,{9207114.0}
538,{9211028.0}
539,{9307086.0}
540,{9611099.0}
541,{9805205.0}
542,{9812196.0}
543,{9206049.0}
544,{9912142.0}
545,{9305068.0}
546,{9401133.0}
547,{9605156.0}
548,{9202011.0}
549,{9309148.0}
550,{9503126.0}
551,{9802141.0}
552,{9310021.0}
553,{9301037.0}
554,{9403010.0}
555,{9204089.0}
556,{9403042.0}
557,{9409187.0}
558,{9602106.0}
559,{9202007.0}
560,{9304111.0}
561,{9306017.0}
562,{9412133.0}
563,{9607143.0}
564,{9809153.0}
565,{9406217.0}
566,{9710250.0}
567,{9801099.0}
568,{9612174.0}
569,{9711203.0}
570,{9607171.0}
571,{9810109.0}
572,{9407168.0}
573,{9701172.0}
574,{9306023.0}
575,{9401056.0}
576,{9409113.0}
577,{9610002.0}
578,{9803074.0}
579,{1072.0}
580,{9601148.0}
581,{9804124.0}
582,{9612134.0}
583,{9406192.0}
584,{9401021.0}
585,{9401062.0}
586,{9611011.0}
587,{9308158.0}
588,{9302104.0}
589,{9409044.0}
590,{9402097.0}
591,{9710204.0}
592,{9210016.0}
593,{9311072.0}
594,{9909116.0}
595,{9311038.0}
596,{9402006.0}
597,{9503055.0}
598,{9201028.0}
599,{9802094.0}
600,{9505018.0}
601,{9709093.0}
602,{9607144.0}
603,{9909212.0}
604,{9606062.0}
605,{9610014.0}
606,{9201019.0}
607,{9205025.0}
608,{9205052.0}
609,{9205091.0}
610,{9303074.0}
611,{9209122.0}
612,{9211080.0}
613,{9303048.0}
614,{9309050.0}
615,{9401125.0}
616,{9409195.0}
617,{9208018.0}
618,{9905178.0}
619,{9805084.0}
620,{9209062.0}
621,{9403180.0}
622,{9505009.0}
623,{9310167.0}
624,{9408053.0}
625,{9305167.0}
626,{9306111.0}
627,{9201029.0}
628,{9502049.0}
629,{9609218.0}
630,{9707163.0}
631,{9702174.0}
632,{9805176.0}
633,{9203018.0}
634,{9912067.0}
635,{9211083.0}
636,{9310202.0}
637,{9205008.0}
638,{9703049.0}
639,{9708083.0}
640,{9202087.0}
641,{1085.0}
642,{9303103.0}
643,{9807063.0}
644,{9307168.0}
645,{9906072.0}
646,{9401083.0}
647,{1088.0}
648,{9309143.0}
649,{9707184.0}
650,{9203040.0}
651,{9211103.0}
652,{9211104.0}
653,{9301061.0}
654,{9607122.0}
655,{9609010.0}
656,{9904009.0}
657,{9804089.0}
658,{9201061.0}
659,{9203042.0}
660,{9203052.0}
661,{9203054.0}
662,{9204090.0}
663,{9401076.0}
664,{9401159.0}
665,{9403108.0}
666,{9201074.0}
667,{9205028.0}
668,{9205069.0}
669,{9205089.0}
670,{9206020.0}
671,{9206071.0}
672,{9207006.0}
673,{9207095.0}
674,{9303014.0}
675,{9304148.0}
676,{9204026.0}
677,{9502006.0}
678,{9201067.0}
679,{9202069.0}
680,{9203076.0}
681,{9207015.0}
682,{9209024.0}
683,{9406197.0}
684,{9401066.0}
685,{9404013.0}
686,{1092.0}
687,{9204012.0}
688,{9306048.0}
689,{9401069.0}
690,{9208024.0}
691,{9209020.0}
692,{9307002.0}
693,{9510094.0}
694,{9307122.0}
695,{9612192.0}
696,{9805181.0}
697,{9303005.0}
698,{9510158.0}
699,{9301100.0}
700,{9404039.0}
701,{9304139.0}
702,{9304047.0}
703,{9402099.0}
704,{9805214.0}
705,{9206003.0}
706,{9403084.0}
707,{9206002.0}
708,{9205064.0}
709,{9211053.0}
710,{9306028.0}
711,{9310130.0}
712,{9601113.0}
713,{9210052.0}
714,{9307196.0}
715,{9608092.0}
716,{9704148.0}
717,{9706172.0}
718,{9303108.0}
719,{9307062.0}
720,{9310110.0}
721,{9605187.0}
722,{9702145.0}
723,{9606173.0}
724,{9307036.0}
725,{9309025.0}
726,{9203057.0}
727,{9208078.0}
728,{9209125.0}
729,{9303029.0}
730,{9308100.0}
731,{9407155.0}
732,{9409158.0}
733,{9311115.0}
734,{9202077.0}
735,{9207070.0}
736,{9212153.0}
737,{9311098.0}
738,{9401071.0}
739,{9406021.0}
740,{9409041.0}
741,{9409185.0}
742,{9503087.0}
743,{9503092.0}
744,{9604054.0}
745,{9605089.0}
746,{9605106.0}
747,{9704026.0}
748,{9811129.0}
749,{9208046.0}
750,{9303100.0}
751,{9312103.0}
752,{9401017.0}
753,{9402021.0}
754,{9201003.0}
755,{9205110.0}
756,{9411160.0}
757,{9312104.0}
758,{9708097.0}
759,{9707039.0}
760,{9709133.0}
761,{9709134.0}
762,{9810182.0}
763,{9302116.0}
764,{9610247.0}
765,{9306117.0}
766,{9307034.0}
767,{9309013.0}
768,{9402020.0}
769,{9509003.0}
770,{9603185.0}
771,{9411175.0}
772,{9512075.0}
773,{9810250.0}
774,{9909177.0}
775,{9212088.0}
776,{9910107.0}
777,{9303012.0}
778,{9606099.0}
779,{9605110.0}
780,{9304063.0}
781,{9710114.0}
782,{9709032.0}
783,{9412012.0}
784,{9810130.0}
785,{9405006.0}
786,{9201013.0}
787,{1112.0}
788,{9212049.0}
789,{9402115.0}
790,{9201039.0}
791,{9202002.0}
792,{9203059.0}
793,{9204011.0}
794,{9409177.0}
795,{9602162.0}
796,{9311081.0}
797,{9311187.0}
798,{9603135.0}
799,{9305155.0}
800,{9206059.0}
801,{9205077.0}
802,{9402057.0}
803,{9210036.0}
804,{9403067.0}
805,{9606114.0}
806,{9209044.0}
807,{9304157.0}
808,{9401145.0}
809,{9402046.0}
810,{9406166.0}
811,{9212108.0}
812,{9303006.0}
813,{9304023.0}
814,{9402048.0}
815,{9803099.0}
816,{9602180.0}
817,{9305123.0}
818,{9705236.0}
819,{9808085.0}
820,{9812202.0}
821,{9310069.0}
822,{9602093.0}
823,{11116.0}
824,{9904157.0}
825,{9406202.0}
826,{9208032.0}
827,{9301002.0}
828,{9302133.0}
829,{9303041.0}
830,{9303149.0}
831,{9312158.0}
832,{9612069.0}
833,{9712058.0}
834,{9701033.0}
835,{9204017.0}
836,{9204018.0}
837,{9203030.0}
838,{9204082.0}
839,{9206088.0}
840,{9303146.0}
841,{9307120.0}
842,{9206081.0}
843,{9303123.0}
844,{9704161.0}
845,{9603093.0}
846,{9412163.0}
847,{9203051.0}
848,{9904003.0}
849,{9202003.0}
850,{9509077.0}
851,{9802057.0}
852,{9609102.0}
853,{9206034.0}
854,{9202020.0}
855,{9210025.0}
856,{9211111.0}
857,{9303111.0}
858,{9207061.0}
859,{9208057.0}
860,{9404097.0}
861,{9202070.0}
862,{9404065.0}
863,{9505085.0}
864,{9202034.0}
865,{9211134.0}
866,{9302112.0}
867,{9604098.0}
868,{9605104.0}
869,{9805117.0}
870,{9201032.0}
871,{9204094.0}
872,{9206112.0}
873,{9308147.0}
874,{9407117.0}
875,{9601123.0}
876,{9610150.0}
877,{9807160.0}
878,{9810026.0}
879,{9211115.0}
880,{9612040.0}
881,{9402038.0}
882,{9502157.0}
883,{9206103.0}
884,{9210062.0}
885,{9507011.0}
886,{9506097.0}
887,{9201070.0}
888,{9808019.0}
889,{9605107.0}
890,{9808113.0}
891,{9803203.0}
892,{9507059.0}
893,{9705172.0}
894,{9802019.0}
895,{9303001.0}
896,{9304086.0}
897,{9410095.0}
898,{9411231.0}
899,{9611082.0}
900,{9206035.0}
901,{9712051.0}
902,{9306042.0}
903,{9808146.0}
904,{9809090.0}
905,{9810040.0}
906,{9603129.0}
907,{9410112.0}
908,{9407108.0}
909,{9601058.0}
910,{9208007.0}
911,{9311037.0}
912,{9906241.0}
913,{9504028.0}
914,{9606001.0}
915,{9304005.0}
916,{9302008.0}
917,{9311121.0}
918,{9404075.0}
919,{9501077.0}
920,{9503093.0}
921,{9509163.0}
922,{9404138.0}
923,{9906142.0}
924,{9410024.0}
925,{9511042.0}
926,{9811145.0}
927,{9206046.0}
928,{9301060.0}
929,{9512216.0}
930,{9806077.0}
931,{9807099.0}
932,{9608181.0}
933,{9706139.0}
934,{9405187.0}
935,{9504123.0}
936,{9508052.0}
937,{9211044.0}
938,{9208056.0}
939,{9202047.0}
940,{9203047.0}
941,{9303009.0}
942,{9405153.0}
943,{9205072.0}
944,{9210040.0}
945,{9212048.0}
946,{9207019.0}
947,{9209034.0}
948,{9308144.0}
949,{9308153.0}
950,{9405121.0}
951,{9201002.0}
952,{9201016.0}
953,{9206029.0}
954,{9411179.0}
955,{9503155.0}
956,{9203019.0}
957,{9204028.0}
958,{9212038.0}
959,{9402066.0}
960,{9412143.0}
961,{9903116.0}
962,{9601146.0}
963,{9704012.0}
964,{9611055.0}
965,{9712087.0}
966,{9712132.0}
967,{9301013.0}
968,{9212155.0}
969,{9205012.0}
970,{9902010.0}
971,{9202073.0}
972,{9204064.0}
973,{9210128.0}
974,{9201010.0}
975,{9201011.0}
976,{9211066.0}
977,{9306010.0}
978,{9303026.0}
979,{9303038.0}
980,{9305090.0}
981,{9311132.0}
982,{9208031.0}
983,{9211090.0}
984,{9404173.0}
985,{9611158.0}
986,{9211089.0}
987,{9403001.0}
988,{9303047.0}
989,{9410188.0}
990,{9610207.0}
991,{9904121.0}
992,{9905053.0}
993,{9805098.0}
994,{9909126.0}
995,{9712059.0}
996,{9608171.0}
997,{9607238.0}
998,{9401132.0}
999,{9409023.0}
1000,{9411177.0}
1001,{9504087.0}
1002,{9206114.0}
1003,{9803104.0}
1004,{9909031.0}
1005,{9509024.0}
1006,{9203065.0}
1007,{9506120.0}
1008,{9607115.0}
1009,{9212143.0}
1010,{9312169.0}
1011,{1173.0}
1012,{9904105.0}
1013,{9908187.0}
1014,{9807191.0}
1015,{9206106.0}
1016,{9302122.0}
1017,{9302136.0}
1018,{9503140.0}
1019,{9512141.0}
1020,{9702117.0}
1021,{9309065.0}
1022,{9404059.0}
1023,{9602155.0}
1024,{9709115.0}
1025,{9308023.0}
1026,{9412074.0}
1027,{9407101.0}
1028,{9408023.0}
1029,{9207054.0}
1030,{9209102.0}
1031,{9407064.0}
1032,{9507139.0}
1033,{9712082.0}
1034,{9704175.0}
1035,{9410219.0}
1036,{9308152.0}
1037,{9309016.0}
1038,{9311085.0}
1039,{9604048.0}
1040,{9304048.0}
1041,{9210055.0}
1042,{9301105.0}
1043,{9806227.0}
1044,{9304133.0}
1045,{9309106.0}
1046,{9801082.0}
1047,{9506050.0}
1048,{9203023.0}
1049,{9404140.0}
1050,{9406208.0}
1051,{9202028.0}
1052,{9201006.0}
1053,{9206041.0}
1054,{9301086.0}
1055,{9906026.0}
1056,{9603006.0}
1057,{9709132.0}
1058,{9711169.0}
1059,{9305120.0}
1060,{9806152.0}
1061,{9805183.0}
1062,{9302003.0}
1063,{9510111.0}
1064,{9607188.0}
1065,{9709100.0}
1066,{9711070.0}
1067,{9802039.0}
1068,{9809023.0}
1069,{9705047.0}
1070,{9406083.0}
1071,{9408002.0}
1072,{9909169.0}
1073,{9210122.0}
1074,{9904124.0}
1075,{9908166.0}
1076,{9703131.0}
1077,{9211116.0}
1078,{9408064.0}
1079,{9509091.0}
1080,{9805025.0}
1081,{9702178.0}
1082,{9805150.0}
1083,{1207.0}
1084,{9503003.0}
1085,{9410177.0}
1086,{9412226.0}
1087,{9601147.0}
1088,{9505166.0}
1089,{9810246.0}
1090,{9602024.0}
1091,{9605221.0}
1092,{9607137.0}
1093,{9607138.0}
1094,{9607172.0}
1095,{9212030.0}
1096,{9610021.0}
1097,{9612220.0}
1098,{9302090.0}
1099,{9608137.0}
1100,{9912264.0}
1101,{9808031.0}
1102,{9610090.0}
1103,{9407185.0}
1104,{9609230.0}
1105,{9708087.0}
1106,{9801097.0}
1107,{9205092.0}
1108,{9209005.0}
1109,{9210149.0}
1110,{9705198.0}
1111,{9810106.0}
1112,{9904139.0}
1113,{9309123.0}
1114,{9201058.0}
1115,{9206007.0}
1116,{9308045.0}
1117,{9509109.0}
1118,{9210060.0}
1119,{9207025.0}
1120,{9304141.0}
1121,{9402084.0}
1122,{9409141.0}
1123,{9205045.0}
1124,{9207018.0}
1125,{9207102.0}
1126,{9302134.0}
1127,{9501079.0}
1128,{9302080.0}
1129,{9411219.0}
1130,{9203069.0}
1131,{9902189.0}
1132,{9301098.0}
1133,{9607017.0}
1134,{9202026.0}
1135,{9207039.0}
1136,{9203066.0}
1137,{9202004.0}
1138,{9305115.0}
1139,{9202036.0}
1140,{9307013.0}
1141,{9908202.0}
1142,{9203070.0}
1143,{9401003.0}
1144,{9502009.0}
1145,{9903267.0}
1146,{9205061.0}
1147,{9812066.0}
1148,{9912284.0}
1149,{9512071.0}
1150,{9202032.0}
1151,{9408109.0}
1152,{9611083.0}
1153,{9705048.0}
1154,{9707066.0}
1155,{9301111.0}
1156,{9602020.0}
1157,{9401039.0}
1158,{9510151.0}
1159,{9203067.0}
1160,{9210011.0}
1161,{9411091.0}
1162,{9301033.0}
1163,{9308151.0}
1164,{9503072.0}
1165,{9211059.0}
1166,{9409182.0}
1167,{9609168.0}
1168,{9301101.0}
1169,{9507132.0}
1170,{2016.0}
1171,{9809103.0}
1172,{9210061.0}
1173,{9702169.0}
1174,{9806166.0}
1175,{9309134.0}
1176,{9811165.0}
1177,{9205022.0}
1178,{9210045.0}
1179,{9501052.0}
1180,{9501097.0}
1181,{9301102.0}
1182,{9401105.0}
1183,{9406154.0}
1184,{9203026.0}
1185,{9312096.0}
1186,{9401103.0}
1187,{9205043.0}
1188,{9601030.0}
1189,{9803035.0}
1190,{9804024.0}
1191,{9212009.0}
1192,{9302097.0}
1193,{9306075.0}
1194,{9309128.0}
1195,{9311065.0}
1196,{9402092.0}
1197,{9406094.0}
1198,{9611096.0}
1199,{9712229.0}
1200,{9408032.0}
1201,{2023.0}
1202,{9302046.0}
1203,{9305012.0}
1204,{9305131.0}
1205,{9404150.0}
1206,{9306107.0}
1207,{9308073.0}
1208,{9209072.0}
1209,{2027.0}
1210,{9209048.0}
1211,{9306095.0}
1212,{9206028.0}
1213,{9810041.0}
1214,{9301024.0}
1215,{9203080.0}
1216,{9207042.0}
1217,{9311139.0}
1218,{9202061.0}
1219,{9303133.0}
1220,{9306096.0}
1221,{9804173.0}
1222,{9312114.0}
1223,{9403074.0}
1224,{9609236.0}
1225,{9611019.0}
1226,{9611038.0}
1227,{9702082.0}
1228,{9709060.0}
1229,{9811151.0}
1230,{9901063.0}
1231,{9907027.0}
1232,{9912215.0}
1233,{104221.0}
1234,{9401104.0}
1235,{9310198.0}
1236,{9310042.0}
1237,{9408132.0}
1238,{9303072.0}
1239,{9503230.0}
1240,{9411019.0}
1241,{9610040.0}
1242,{9404155.0}
1243,{9605137.0}
1244,{9612226.0}
1245,{9210046.0}
1246,{9802167.0}
1247,{9908042.0}
1248,{9607181.0}
1249,{9207107.0}
1250,{9305152.0}
1251,{9412072.0}
1252,{9409025.0}
1253,{9901036.0}
1254,{9906091.0}
1255,{9607224.0}
1256,{9701051.0}
1257,{9705009.0}
1258,{9807024.0}
1259,{9301063.0}
1260,{9302132.0}
1261,{9202053.0}
1262,{9310037.0}
1263,{9307026.0}
1264,{9403021.0}
1265,{9501089.0}
1266,{9601039.0}
1267,{9702135.0}
1268,{9606007.0}
1269,{9204002.0}
1270,{9203078.0}
1271,{9203081.0}
1272,{9410150.0}
1273,{9408081.0}
1274,{9410067.0}
1275,{9504067.0}
1276,{9407182.0}
1277,{9411224.0}
1278,{9305031.0}
1279,{9405053.0}
1280,{9411229.0}
1281,{9506081.0}
1282,{9505096.0}
1283,{9202043.0}
1284,{9308006.0}
1285,{9901110.0}
1286,{9408141.0}
1287,{9404093.0}
1288,{9205021.0}
1289,{9208070.0}
1290,{9210003.0}
1291,{9211050.0}
1292,{9212097.0}
1293,{9302051.0}
1294,{9304092.0}
1295,{9506031.0}
1296,{9205039.0}
1297,{9401078.0}
1298,{9309135.0}
1299,{9402045.0}
1300,{9407089.0}
1301,{9408004.0}
1302,{9305154.0}
1303,{9406156.0}
1304,{9304114.0}
1305,{9402098.0}
1306,{9509034.0}
1307,{9206024.0}
1308,{9409048.0}
1309,{9409106.0}
1310,{9412157.0}
1311,{205040.0}
1312,{9203082.0}
1313,{9210001.0}
1314,{9502002.0}
1315,{9810240.0}
1316,{9712056.0}
1317,{9308022.0}
1318,{9401011.0}
1319,{9409001.0}
1320,{9202025.0}
1321,{9208049.0}
1322,{9209086.0}
1323,{9310142.0}
1324,{9403196.0}
1325,{9405164.0}
1326,{9506010.0}
1327,{9207024.0}
1328,{9711111.0}
1329,{9203074.0}
1330,{9207071.0}
1331,{9301094.0}
1332,{9305072.0}
1333,{9305174.0}
1334,{9309087.0}
1335,{9312050.0}
1336,{9407131.0}
1337,{9611208.0}
1338,{9710036.0}
1339,{9410029.0}
1340,{9204097.0}
1341,{9712165.0}
1342,{9807234.0}
1343,{9902044.0}
1344,{9905150.0}
1345,{9201071.0}
1346,{9204063.0}
1347,{9207032.0}
1348,{9403124.0}
1349,{9201079.0}
1350,{9705234.0}
1351,{9712102.0}
1352,{9201008.0}
1353,{9705075.0}
1354,{9809175.0}
1355,{9205003.0}
1356,{9403033.0}
1357,{9508170.0}
1358,{9306030.0}
1359,{9512098.0}
1360,{9712120.0}
1361,{9806098.0}
1362,{9505145.0}
1363,{9503001.0}
1364,{9608008.0}
1365,{9306046.0}
1366,{9805132.0}
1367,{9402029.0}
1368,{9906049.0}
1369,{12228.0}
1370,{9206015.0}
1371,{9207086.0}
1372,{9208002.0}
1373,{9212011.0}
1374,{9212074.0}
1375,{9207017.0}
1376,{9501024.0}
1377,{9312110.0}
1378,{9602176.0}
1379,{9604017.0}
1380,{9609140.0}
1381,{9208012.0}
1382,{9401044.0}
1383,{9401046.0}
1384,{9609185.0}
1385,{9204079.0}
1386,{9205016.0}
1387,{9502136.0}
1388,{9507092.0}
1389,{9512091.0}
1390,{9509149.0}
1391,{9706053.0}
1392,{9608026.0}
1393,{9609115.0}
1394,{9812104.0}
1395,{9903167.0}
1396,{9212112.0}
1397,{9302123.0}
1398,{9401140.0}
1399,{9510089.0}
1400,{9702104.0}
1401,{9408156.0}
1402,{9204041.0}
1403,{9607067.0}
1404,{9609051.0}
1405,{9403017.0}
1406,{9807222.0}
1407,{9906108.0}
1408,{9409096.0}
1409,{9409151.0}
1410,{9707232.0}
1411,{9901102.0}
1412,{9803115.0}
1413,{9306050.0}
1414,{9802040.0}
1415,{9510119.0}
1416,{9608006.0}
1417,{9709151.0}
1418,{9405135.0}
1419,{9211121.0}
1420,{9306150.0}
1421,{9208062.0}
1422,{9411180.0}
1423,{9901125.0}
1424,{9303145.0}
1425,{9301034.0}
1426,{9306068.0}
1427,{9712157.0}
1428,{9308128.0}
1429,{9401009.0}
1430,{9607140.0}
1431,{9908005.0}
1432,{9205066.0}
1433,{9208029.0}
1434,{9311056.0}
1435,{9811258.0}
1436,{9901094.0}
1437,{9303043.0}
1438,{9406061.0}
1439,{9803006.0}
1440,{9910030.0}
1441,{9803264.0}
1442,{9310031.0}
1443,{9311094.0}
1444,{9509092.0}
1445,{9604142.0}
1446,{9207051.0}
1447,{9307093.0}
1448,{9704116.0}
1449,{9210065.0}
1450,{9303143.0}
1451,{9306119.0}
1452,{9309015.0}
1453,{9601125.0}
1454,{9206076.0}
1455,{9805127.0}
1456,{9907034.0}
1457,{9209046.0}
1458,{9212010.0}
1459,{9212015.0}
1460,{9212019.0}
1461,{9212021.0}
1462,{9212145.0}
1463,{9301030.0}
1464,{9605157.0}
1465,{9212075.0}
1466,{9204072.0}
1467,{9207105.0}
1468,{9307079.0}
1469,{9408089.0}
1470,{9205014.0}
1471,{9202006.0}
1472,{9201033.0}
1473,{9201001.0}
1474,{9212127.0}
1475,{9908172.0}
1476,{9610048.0}
1477,{9302044.0}
1478,{9209107.0}
1479,{9303039.0}
1480,{9402118.0}
1481,{9308142.0}
1482,{9203045.0}
1483,{9301049.0}
1484,{9506179.0}
1485,{9705161.0}
1486,{9410103.0}
1487,{2164.0}
1488,{9303065.0}
1489,{9709104.0}
1490,{9312058.0}
1491,{9305148.0}
1492,{9401061.0}
1493,{9405151.0}
1494,{2169.0}
1495,{9405023.0}
1496,{9403099.0}
1497,{9412175.0}
1498,{9811117.0}
1499,{9211093.0}
1500,{9203039.0}
1501,{9803122.0}
1502,{9810011.0}
1503,{9805134.0}
1504,{9405141.0}
1505,{9206027.0}
1506,{9211071.0}
1507,{9402128.0}
1508,{9305007.0}
1509,{9803043.0}
1510,{9905225.0}
1511,{9204007.0}
1512,{2182.0}
1513,{9803179.0}
1514,{9808190.0}
1515,{9203060.0}
1516,{9210107.0}
1517,{9303060.0}
1518,{9210031.0}
1519,{9603019.0}
1520,{9408134.0}
1521,{9606026.0}
1522,{9907072.0}
1523,{9506111.0}
1524,{9301010.0}
1525,{9202058.0}
1526,{9204095.0}
1527,{9304122.0}
1528,{9403081.0}
1529,{9207057.0}
1530,{9410149.0}
1531,{9910237.0}
1532,{9404067.0}
1533,{2193.0}
1534,{9311050.0}
1535,{9412165.0}
1536,{2196.0}
1537,{9309127.0}
1538,{9210013.0}
1539,{9302078.0}
1540,{9310085.0}
1541,{9608103.0}
1542,{9312102.0}
1543,{9308067.0}
1544,{9308130.0}
1545,{9802106.0}
1546,{9908119.0}
1547,{9306132.0}
1548,{9510050.0}
1549,{9201005.0}
1550,{9202008.0}
1551,{9206085.0}
1552,{9810198.0}
1553,{9206045.0}
1554,{9211132.0}
1555,{9306106.0}
1556,{9406117.0}
1557,{9201051.0}
1558,{9605008.0}
1559,{9809030.0}
1560,{9305004.0}
1561,{9412110.0}
1562,{9910088.0}
1563,{9212090.0}
1564,{9212148.0}
1565,{9308132.0}
1566,{9308135.0}
1567,{9310153.0}
1568,{9401130.0}
1569,{2210.0}
1570,{9701182.0}
1571,{9503080.0}
1572,{9605191.0}
1573,{9604191.0}
1574,{9208023.0}
1575,{9311165.0}
1576,{9203062.0}
1577,{9309018.0}
1578,{9206096.0}
1579,{9208058.0}
1580,{9306031.0}
1581,{9409047.0}
1582,{9407076.0}
1583,{9502088.0}
1584,{9210124.0}
1585,{9212110.0}
1586,{9401055.0}
1587,{9305032.0}
1588,{9201027.0}
1589,{9312214.0}
1590,{9204020.0}
1591,{9312004.0}
1592,{9405106.0}
1593,{9409029.0}
1594,{9401029.0}
1595,{9505122.0}
1596,{9806183.0}
1597,{9205055.0}
1598,{9208066.0}
1599,{9208067.0}
1600,{9209130.0}
1601,{9205084.0}
1602,{9312207.0}
1603,{9511209.0}
1604,{9607154.0}
1605,{9904188.0}
1606,{9209076.0}
1607,{9411003.0}
1608,{9307030.0}
1609,{9503046.0}
1610,{9304142.0}
1611,{9403009.0}
1612,{9511219.0}
1613,{9207008.0}
1614,{9302012.0}
1615,{9406140.0}
1616,{2239.0}
1617,{9312080.0}
1618,{9209059.0}
1619,{9210053.0}
1620,{9202075.0}
1621,{9405173.0}
1622,{9812147.0}
1623,{9306054.0}
1624,{9407129.0}
1625,{9410190.0}
1626,{9602163.0}
1627,{9404183.0}
1628,{9210038.0}
1629,{9304007.0}
1630,{9405064.0}
1631,{9209099.0}
1632,{9304035.0}
1633,{9510167.0}
1634,{9709184.0}
1635,{9507104.0}
1636,{9507105.0}
1637,{9404089.0}
1638,{9210133.0}
1639,{9310177.0}
1640,{9412100.0}
1641,{9206044.0}
1642,{9203050.0}
1643,{9501016.0}
1644,{9506212.0}
1645,{9202086.0}
1646,{9903136.0}
1647,{9408003.0}
1648,{9701122.0}
1649,{9809110.0}
1650,{9211045.0}
1651,{9211052.0}
1652,{9309017.0}
1653,{9408095.0}
1654,{9411223.0}
1655,{9306161.0}
1656,{9208040.0}
1657,{9807022.0}
1658,{3004.0}
1659,{3005.0}
1660,{9412129.0}
1661,{3008.0}
1662,{9411092.0}
1663,{9912289.0}
1664,{3013.0}
1665,{9305052.0}
1666,{9712094.0}
1667,{9608033.0}
1668,{3016.0}
1669,{9208006.0}
1670,{9210141.0}
1671,{9302073.0}
1672,{9705099.0}
1673,{9806228.0}
1674,{9201026.0}
1675,{9201057.0}
1676,{9202072.0}
1677,{9205102.0}
1678,{9206098.0}
1679,{9211113.0}
1680,{9409016.0}
1681,{9208072.0}
1682,{9304040.0}
1683,{9209078.0}
1684,{9606163.0}
1685,{9507136.0}
1686,{9710172.0}
1687,{9501021.0}
1688,{9207031.0}
1689,{9207072.0}
1690,{9208069.0}
1691,{9307183.0}
1692,{9408173.0}
1693,{9509137.0}
1694,{3030.0}
1695,{9712181.0}
1696,{9207074.0}
1697,{3034.0}
1698,{3036.0}
1699,{9211112.0}
1700,{3039.0}
1701,{9801188.0}
1702,{9803113.0}
1703,{9906113.0}
1704,{9605086.0}
1705,{9612109.0}
1706,{9707097.0}
1707,{9701083.0}
1708,{9608022.0}
1709,{9201050.0}
1710,{9202060.0}
1711,{9210134.0}
1712,{9212016.0}
1713,{9201078.0}
1714,{9205113.0}
1715,{9210049.0}
1716,{9210064.0}
1717,{9204074.0}
1718,{9408062.0}
1719,{9401091.0}
1720,{9308126.0}
1721,{9204069.0}
1722,{9207079.0}
1723,{9211117.0}
1724,{9907058.0}
1725,{9211064.0}
1726,{9604011.0}
1727,{9306039.0}
1728,{9503077.0}
1729,{9604047.0}
1730,{9904018.0}
1731,{9707043.0}
1732,{9807066.0}
1733,{9502001.0}
1734,{9303102.0}
1735,{9509101.0}
1736,{3275.0}
1737,{4022.0}
1738,{3077.0}
1739,{9503024.0}
1740,{9403018.0}
1741,{9403031.0}
1742,{9407175.0}
1743,{9603189.0}
1744,{9507021.0}
1745,{9302074.0}
1746,{9401057.0}
1747,{9512200.0}
1748,{9707248.0}
1749,{9207077.0}
1750,{9306097.0}
1751,{9308019.0}
1752,{9411012.0}
1753,{9411216.0}
1754,{9909125.0}
1755,{9604104.0}
1756,{9306072.0}
1757,{9801171.0}
1758,{9705185.0}
1759,{9910086.0}
1760,{9412182.0}
1761,{9307059.0}
1762,{9307080.0}
1763,{9307146.0}
1764,{9502042.0}
1765,{6246.0}
1766,{10017.0}
1767,{11095.0}
1768,{9810138.0}
1769,{9906035.0}
1770,{9811169.0}
1771,{9401048.0}
1772,{9503152.0}
1773,{9503180.0}
1774,{9611058.0}
1775,{9204049.0}
1776,{9204084.0}
1777,{9211057.0}
1778,{9910025.0}
1779,{9309059.0}
1780,{9711064.0}
1781,{9908208.0}
1782,{9609024.0}
1783,{9811108.0}
1784,{9211139.0}
1785,{9304131.0}
1786,{9804012.0}
1787,{9304006.0}
1788,{9412208.0}
1789,{9602088.0}
1790,{9308027.0}
1791,{9206113.0}
1792,{9501085.0}
1793,{9402100.0}
1794,{9512020.0}
1795,{9705049.0}
1796,{9808040.0}
1797,{9408090.0}
1798,{3130.0}
1799,{9211074.0}
1800,{9705224.0}
1801,{9202035.0}
1802,{9207108.0}
1803,{3134.0}
1804,{9204045.0}
1805,{9807203.0}
1806,{9507152.0}
1807,{9305014.0}
1808,{9206005.0}
1809,{9210069.0}
1810,{9710183.0}
1811,{9501064.0}
1812,{9602113.0}
1813,{9604143.0}
1814,{9802055.0}
1815,{9501122.0}
1816,{9709084.0}
1817,{9610054.0}
1818,{9404143.0}
1819,{9408120.0}
1820,{9905043.0}
1821,{9712220.0}
1822,{9805119.0}
1823,{9807212.0}
1824,{9905219.0}
1825,{9912034.0}
1826,{9803075.0}
1827,{9205011.0}
1828,{9606189.0}
1829,{9612135.0}
1830,{9909106.0}
1831,{9211008.0}
1832,{9604076.0}
1833,{9412032.0}
1834,{9311032.0}
1835,{9709173.0}
1836,{9906093.0}
1837,{9305054.0}
1838,{9803009.0}
1839,{9209083.0}
1840,{4074.0}
1841,{9805077.0}
1842,{9812199.0}
1843,{9811180.0}
1844,{9603096.0}
1845,{9702096.0}
1846,{9907225.0}
1847,{9510121.0}
1848,{9801007.0}
1849,{9201025.0}
1850,{9203075.0}
1851,{9207097.0}
1852,{9403122.0}
1853,{9211078.0}
1854,{9208048.0}
1855,{9406054.0}
1856,{9305133.0}
1857,{9307161.0}
1858,{9304081.0}
1859,{9608031.0}
1860,{9901043.0}
1861,{9211049.0}
1862,{9604028.0}
1863,{9605056.0}
1864,{9607124.0}
1865,{9310148.0}
1866,{9410199.0}
1867,{9411127.0}
1868,{9601120.0}
1869,{9307012.0}
1870,{3189.0}
1871,{9210009.0}
1872,{9211003.0}
1873,{9212121.0}
1874,{9302068.0}
1875,{9311069.0}
1876,{9402091.0}
1877,{9403163.0}
1878,{9406196.0}
1879,{9407154.0}
1880,{9710002.0}
1881,{9805216.0}
1882,{9910226.0}
1883,{9206075.0}
1884,{9206090.0}
1885,{9303127.0}
1886,{9212104.0}
1887,{9204098.0}
1888,{9402001.0}
1889,{9209043.0}
1890,{9301127.0}
1891,{9403088.0}
1892,{9306118.0}
1893,{9402153.0}
1894,{9201049.0}
1895,{9204013.0}
1896,{9208039.0}
1897,{9407052.0}
1898,{9209009.0}
1899,{9210002.0}
1900,{9412009.0}
1901,{9302002.0}
1902,{9207101.0}
1903,{9808001.0}
1904,{9302115.0}
1905,{9309076.0}
1906,{9309159.0}
1907,{9401166.0}
1908,{9305146.0}
1909,{9508016.0}
1910,{9203004.0}
1911,{9210070.0}
1912,{9211046.0}
1913,{9306098.0}
1914,{9705183.0}
1915,{9710058.0}
1916,{9306066.0}
1917,{9310185.0}
1918,{9408096.0}
1919,{9611081.0}
1920,{9202012.0}
1921,{9407194.0}
1922,{3206.0}
1923,{9803121.0}
1924,{9704149.0}
1925,{9903216.0}
1926,{3210.0}
1927,{9610202.0}
1928,{9910206.0}
1929,{9301045.0}
1930,{9201062.0}
1931,{9201031.0}
1932,{9212105.0}
1933,{9305015.0}
1934,{9305028.0}
1935,{9404115.0}
1936,{9404038.0}
1937,{9309022.0}
1938,{9211133.0}
1939,{9306036.0}
1940,{9407032.0}
1941,{9407135.0}
1942,{9903012.0}
1943,{9603154.0}
1944,{3229.0}
1945,{9411140.0}
1946,{9603143.0}
1947,{9306157.0}
1948,{9307040.0}
1949,{3243.0}
1950,{9410115.0}
1951,{9406118.0}
1952,{9710234.0}
1953,{9803178.0}
1954,{9802077.0}
1955,{9212042.0}
1956,{9704073.0}
1957,{9507173.0}
1958,{9603065.0}
1959,{3253.0}
1960,{9303098.0}
1961,{3254.0}
1962,{9409004.0}
1963,{9512097.0}
1964,{9708032.0}
1965,{9206039.0}
1966,{9405009.0}
1967,{9609064.0}
1968,{9210104.0}
1969,{9412050.0}
1970,{9707231.0}
1971,{9511105.0}
1972,{9605181.0}
1973,{9401020.0}
1974,{9903070.0}
1975,{9812138.0}
1976,{9907141.0}
1977,{9411118.0}
1978,{3267.0}
1979,{9307075.0}
1980,{9603064.0}
1981,{9302111.0}
1982,{9208028.0}
1983,{9204092.0}
1984,{9312019.0}
1985,{9407081.0}
1986,{9903254.0}
1987,{9402053.0}
1988,{9211063.0}
1989,{9703092.0}
1990,{9308053.0}
1991,{9309118.0}
1992,{9608048.0}
1993,{9411104.0}
1994,{9911219.0}
1995,{9305156.0}
1996,{9405183.0}
1997,{9702062.0}
1998,{9712088.0}
1999,{9311059.0}
2000,{9202056.0}
2001,{9405001.0}
2002,{9803200.0}
2003,{9909086.0}
2004,{9206087.0}
2005,{9207046.0}
2006,{9208015.0}
2007,{9412139.0}
2008,{9308028.0}
2009,{9204070.0}
2010,{9610025.0}
2011,{9505059.0}
2012,{9705018.0}
2013,{9205006.0}
2014,{9801130.0}
2015,{201211.0}
2016,{9307117.0}
2017,{4153.0}
2018,{9801168.0}
2019,{9606018.0}
2020,{9312173.0}
2021,{9606053.0}
2022,{9809002.0}
2023,{4018.0}
2024,{9506204.0}
2025,{4024.0}
2026,{9702197.0}
2027,{9407103.0}
2028,{9310121.0}
2029,{9312085.0}
2030,{9204057.0}
2031,{9309147.0}
2032,{9709135.0}
2033,{9709205.0}
2034,{9402049.0}
2035,{9811177.0}
2036,{9405043.0}
2037,{9204001.0}
2038,{9312200.0}
2039,{9911143.0}
2040,{9408044.0}
2041,{9611114.0}
2042,{9611115.0}
2043,{9611116.0}
2044,{9804103.0}
2045,{9301079.0}
2046,{9604138.0}
2047,{9203046.0}
2048,{9306018.0}
2049,{9809131.0}
2050,{9512172.0}
2051,{9811063.0}
2052,{9910265.0}
2053,{9704111.0}
2054,{9302001.0}
2055,{9307056.0}
2056,{9401154.0}
2057,{9210007.0}
2058,{9301084.0}
2059,{9407191.0}
2060,{9412054.0}
2061,{9412104.0}
2062,{9304123.0}
2063,{9210129.0}
2064,{9309074.0}
2065,{9310070.0}
2066,{9407057.0}
2067,{9801035.0}
2068,{9206037.0}
2069,{9209040.0}
2070,{9304037.0}
2071,{9205095.0}
2072,{9510192.0}
2073,{9610057.0}
2074,{9304014.0}
2075,{9506038.0}
2076,{9301036.0}
2077,{9503188.0}
2078,{9606190.0}
2079,{9612208.0}
2080,{9212135.0}
2081,{9703055.0}
2082,{9801167.0}
2083,{9906020.0}
2084,{9304078.0}
2085,{9603029.0}
2086,{9309150.0}
2087,{9405145.0}
2088,{9803063.0}
2089,{9907063.0}
2090,{9311113.0}
2091,{9604121.0}
2092,{9509033.0}
2093,{9305111.0}
2094,{9303063.0}
2095,{9511136.0}
2096,{9904048.0}
2097,{9603047.0}
2098,{9809007.0}
2099,{9205111.0}
2100,{4139.0}
2101,{9903017.0}
2102,{9903018.0}
2103,{9711022.0}
2104,{9602080.0}
2105,{9603054.0}
2106,{9903127.0}
2107,{9504024.0}
2108,{9512168.0}
2109,{9505095.0}
2110,{9503224.0}
2111,{9202045.0}
2112,{9311076.0}
2113,{9511081.0}
2114,{9703226.0}
2115,{9501058.0}
2116,{9310015.0}
2117,{9404112.0}
2118,{9401075.0}
2119,{9912005.0}
2120,{9707054.0}
2121,{9605103.0}
2122,{9707082.0}
2123,{9212103.0}
2124,{9508129.0}
2125,{9512013.0}
2126,{9610019.0}
2127,{9207048.0}
2128,{9302076.0}
2129,{9408038.0}
2130,{9310043.0}
2131,{9310044.0}
2132,{9702002.0}
2133,{9811066.0}
2134,{9204056.0}
2135,{9304103.0}
2136,{9307178.0}
2137,{9406039.0}
2138,{9805036.0}
2139,{9912097.0}
2140,{9306006.0}
2141,{9308009.0}
2142,{9611224.0}
2143,{9210131.0}
2144,{9303080.0}
2145,{9303117.0}
2146,{9507077.0}
2147,{9601046.0}
2148,{9401001.0}
2149,{9203012.0}
2150,{9206077.0}
2151,{9209013.0}
2152,{9406057.0}
2153,{9612175.0}
2154,{9209077.0}
2155,{9307099.0}
2156,{9808090.0}
2157,{9403101.0}
2158,{4181.0}
2159,{4184.0}
2160,{9903189.0}
2161,{9812203.0}
2162,{4192.0}
2163,{9412210.0}
2164,{9208042.0}
2165,{9811154.0}
2166,{9309045.0}
2167,{9303150.0}
2168,{9203029.0}
2169,{9306008.0}
2170,{9510037.0}
2171,{9304020.0}
2172,{9308127.0}
2173,{9406092.0}
2174,{9410134.0}
2175,{9407150.0}
2176,{9204039.0}
2177,{9501081.0}
2178,{9203014.0}
2179,{9902069.0}
2180,{9903147.0}
2181,{9707112.0}
2182,{9201044.0}
2183,{9609232.0}
2184,{9606178.0}
2185,{9206082.0}
2186,{9408122.0}
2187,{9504131.0}
2188,{9210037.0}
2189,{9911168.0}
2190,{9202001.0}
2191,{9210063.0}
2192,{9501013.0}
2193,{9309026.0}
2194,{9307048.0}
2195,{9209074.0}
2196,{9703079.0}
2197,{9703080.0}
2198,{9408129.0}
2199,{9709142.0}
2200,{9205058.0}
2201,{9210160.0}
2202,{10232.0}
2203,{9311047.0}
2204,{9602122.0}
2205,{9809060.0}
2206,{9604111.0}
2207,{9311019.0}
2208,{9202065.0}
2209,{9712108.0}
2210,{9707187.0}
2211,{9712104.0}
2212,{9904004.0}
2213,{9209066.0}
2214,{9208041.0}
2215,{9209094.0}
2216,{9301001.0}
2217,{9308094.0}
2218,{9304088.0}
2219,{9503094.0}
2220,{9212129.0}
2221,{9211082.0}
2222,{9401100.0}
2223,{9405200.0}
2224,{9506167.0}
2225,{9506062.0}
2226,{9304095.0}
2227,{9704072.0}
2228,{9407169.0}
2229,{9203022.0}
2230,{9205056.0}
2231,{9206060.0}
2232,{5112.0}
2233,{9908027.0}
2234,{9510060.0}
2235,{9210163.0}
2236,{9212070.0}
2237,{9706182.0}
2238,{9204019.0}
2239,{9208071.0}
2240,{9212106.0}
2241,{9402081.0}
2242,{9208045.0}
2243,{9405158.0}
2244,{9206095.0}
2245,{9208020.0}
2246,{9312145.0}
2247,{9402111.0}
2248,{9312015.0}
2249,{9503235.0}
2250,{9306154.0}
2251,{9310128.0}
2252,{9412088.0}
2253,{9209038.0}
2254,{9406047.0}
2255,{9702148.0}
2256,{9908021.0}
2257,{9810231.0}
2258,{9504153.0}
2259,{9504154.0}
2260,{9407137.0}
2261,{9207066.0}
2262,{9305088.0}
2263,{9911179.0}
2264,{9407010.0}
2265,{9810018.0}
2266,{9811239.0}
2267,{9410091.0}
2268,{9308091.0}
2269,{9902084.0}
2270,{5150.0}
2271,{9911025.0}
2272,{9806100.0}
2273,{5154.0}
2274,{9210077.0}
2275,{9301066.0}
2276,{9306057.0}
2277,{9712106.0}
2278,{9304098.0}
2279,{9405118.0}
2280,{9810032.0}
2281,{9301056.0}
2282,{9302089.0}
2283,{9612006.0}
2284,{9404024.0}
2285,{9306067.0}
2286,{9410123.0}
2287,{9502075.0}
2288,{9604038.0}
2289,{9403125.0}
2290,{9301020.0}
2291,{9808135.0}
2292,{5187.0}
2293,{9206036.0}
2294,{5191.0}
2295,{9808174.0}
2296,{9312062.0}
2297,{9408077.0}
2298,{9902015.0}
2299,{9708104.0}
2300,{9801004.0}
2301,{9804071.0}
2302,{9410027.0}
2303,{9602134.0}
2304,{9606183.0}
2305,{9508055.0}
2306,{9503056.0}
2307,{9205096.0}
2308,{9410057.0}
2309,{9512041.0}
2310,{9405129.0}
2311,{9308116.0}
2312,{9710074.0}
2313,{9801172.0}
2314,{9210105.0}
2315,{9201034.0}
2316,{9205101.0}
2317,{9206111.0}
2318,{9511122.0}
2319,{9209106.0}
2320,{9902091.0}
2321,{9905208.0}
2322,{9503234.0}
2323,{5247.0}
2324,{9304130.0}
2325,{5255.0}
2326,{9311158.0}
2327,{5257.0}
2328,{9401163.0}
2329,{9909147.0}
2330,{9301070.0}
2331,{9410048.0}
2332,{9303152.0}
2333,{9401043.0}
2334,{9307118.0}
2335,{9312091.0}
2336,{9506083.0}
2337,{9407019.0}
2338,{9703005.0}
2339,{9402078.0}
2340,{9408010.0}
2341,{9610109.0}
2342,{9812075.0}
2343,{9303115.0}
2344,{9501044.0}
2345,{9807102.0}
2346,{9306155.0}
2347,{9909185.0}
2348,{9501103.0}
2349,{9202052.0}
2350,{9205116.0}
2351,{9704081.0}
2352,{6001.0}
2353,{9909196.0}
2354,{9809180.0}
2355,{9812085.0}
2356,{9906207.0}
2357,{9512007.0}
2358,{9409135.0}
2359,{9304003.0}
2360,{9509098.0}
2361,{9511106.0}
2362,{9310083.0}
2363,{9312101.0}
2364,{9312133.0}
2365,{6009.0}
2366,{9306131.0}
2367,{9710080.0}
2368,{9908138.0}
2369,{9706219.0}
2370,{9401081.0}
2371,{9205114.0}
2372,{9301082.0}
2373,{9302096.0}
2374,{9302127.0}
2375,{9304163.0}
2376,{9305165.0}
2377,{9307057.0}
2378,{9307033.0}
2379,{6039.0}
2380,{9411054.0}
2381,{9907212.0}
2382,{9411190.0}
2383,{6029.0}
2384,{9505080.0}
2385,{9601028.0}
2386,{9907124.0}
2387,{6057.0}
2388,{9812124.0}
2389,{9507163.0}
2390,{9903126.0}
2391,{9506004.0}
2392,{9206069.0}
2393,{9502165.0}
2394,{9306137.0}
2395,{9306139.0}
2396,{9310004.0}
2397,{9901025.0}
2398,{9901035.0}
2399,{6076.0}
2400,{9505126.0}
2401,{9207082.0}
2402,{9312008.0}
2403,{9406116.0}
2404,{6089.0}
2405,{9908003.0}
2406,{6096.0}
2407,{9407093.0}
2408,{9707245.0}
2409,{9305064.0}
2410,{9303010.0}
2411,{9612037.0}
2412,{9406188.0}
2413,{9608124.0}
2414,{9811241.0}
2415,{9304022.0}
2416,{9310096.0}
2417,{9903192.0}
2418,{9905126.0}
2419,{3011.0}
2420,{9210114.0}
2421,{9407160.0}
2422,{9412174.0}
2423,{9502145.0}
2424,{9511118.0}
2425,{9907044.0}
2426,{9702023.0}
2427,{9308125.0}
2428,{9406183.0}
2429,{9604031.0}
2430,{9204075.0}
2431,{9407188.0}
2432,{9408148.0}
2433,{9411201.0}
2434,{9611198.0}
2435,{9208008.0}
2436,{9212065.0}
2437,{9310173.0}
2438,{6169.0}
2439,{9511039.0}
2440,{9703067.0}
2441,{9703069.0}
2442,{9308145.0}
2443,{9407079.0}
2444,{9512100.0}
2445,{9905084.0}
2446,{9601087.0}
2447,{9503214.0}
2448,{9201063.0}
2449,{6200.0}
2450,{9409085.0}
2451,{6207.0}
2452,{9707088.0}
2453,{9505169.0}
2454,{9610028.0}
2455,{9610145.0}
2456,{9203061.0}
2457,{9601129.0}
2458,{9902107.0}
2459,{6223.0}
2460,{9408075.0}
2461,{9506211.0}
2462,{9209057.0}
2463,{9603035.0}
2464,{9404181.0}
2465,{9403039.0}
2466,{9410072.0}
2467,{9604085.0}
2468,{9605223.0}
2469,{9204027.0}
2470,{7025.0}
2471,{7031.0}
2472,{9710079.0}
2473,{9504055.0}
2474,{9505063.0}
2475,{9404070.0}
2476,{9407126.0}
2477,{7035.0}
2478,{9510145.0}
2479,{7043.0}
2480,{9912217.0}
2481,{9507002.0}
2482,{7054.0}
2483,{9305057.0}
2484,{9406152.0}
2485,{9406003.0}
2486,{9309104.0}
2487,{9501041.0}
2488,{9302060.0}
2489,{9301121.0}
2490,{9402155.0}
2491,{9503098.0}
2492,{9210158.0}
2493,{9207005.0}
2494,{9504084.0}
2495,{9906156.0}
2496,{9306085.0}
2497,{9511015.0}
2498,{9302010.0}
2499,{9302019.0}
2500,{9304110.0}
2501,{7116.0}
2502,{7121.0}
2503,{9508077.0}
2504,{9608142.0}
2505,{9312174.0}
2506,{9503236.0}
2507,{9309116.0}
2508,{9304031.0}
2509,{9405140.0}
2510,{7132.0}
2511,{9302093.0}
2512,{9407060.0}
2513,{9502044.0}
2514,{9503136.0}
2515,{9408025.0}
2516,{9209054.0}
2517,{9202062.0}
2518,{9205085.0}
2519,{7154.0}
2520,{9304108.0}
2521,{9307109.0}
2522,{7169.0}
2523,{9409062.0}
2524,{9412140.0}
2525,{9811073.0}
2526,{9612140.0}
2527,{9511135.0}
2528,{9411132.0}
2529,{9410031.0}
2530,{7185.0}
2531,{9212068.0}
2532,{9806249.0}
2533,{9712203.0}
2534,{9812026.0}
2535,{9606121.0}
2536,{9612212.0}
2537,{9311079.0}
2538,{9204061.0}
2539,{9507079.0}
2540,{9701050.0}
2541,{9608050.0}
2542,{9601138.0}
2543,{9307023.0}
2544,{9810102.0}
2545,{7241.0}
2546,{7232.0}
2547,{6109.0}
2548,{9206093.0}
2549,{9210116.0}
2550,{9312115.0}
2551,{9412081.0}
2552,{9511069.0}
2553,{9209047.0}
2554,{9307137.0}
2555,{8009.0}
2556,{9211137.0}
2557,{9811226.0}
2558,{9303147.0}
2559,{9612041.0}
2560,{9912268.0}
2561,{9403149.0}
2562,{8038.0}
2563,{9405046.0}
2564,{9310114.0}
2565,{8065.0}
2566,{9205107.0}
2567,{9401121.0}
2568,{9411058.0}
2569,{9505188.0}
2570,{9905027.0}
2571,{8095.0}
2572,{9512212.0}
2573,{9712173.0}
2574,{8096.0}
2575,{9311126.0}
2576,{9407092.0}
2577,{9401040.0}
2578,{9503044.0}
2579,{9712024.0}
2580,{9609141.0}
2581,{9504071.0}
2582,{9812077.0}
2583,{9806071.0}
2584,{9301078.0}
2585,{9307184.0}
2586,{8126.0}
2587,{8136.0}
2588,{9510181.0}
2589,{10064.0}
2590,{9802180.0}
2591,{9410130.0}
2592,{9209028.0}
2593,{8148.0}
2594,{9209120.0}
2595,{9212094.0}
2596,{9808013.0}
2597,{9503095.0}
2598,{9209073.0}
2599,{9510078.0}
2600,{9511006.0}
2601,{9806118.0}
2602,{9710028.0}
2603,{9810191.0}
2604,{9203048.0}
2605,{8175.0}
2606,{9303178.0}
2607,{9507043.0}
2608,{9812204.0}
2609,{9907059.0}
2610,{9212150.0}
2611,{9301115.0}
2612,{9303155.0}
2613,{9203036.0}
2614,{9206050.0}
2615,{9905008.0}
2616,{9211120.0}
2617,{9312069.0}
2618,{9401123.0}
2619,{9711190.0}
2620,{9404118.0}
2621,{6061.0}
2622,{9405103.0}
2623,{9407051.0}
2624,{9806151.0}
2625,{9812011.0}
2626,{9912106.0}
2627,{9004.0}
2628,{9411002.0}
2629,{9411090.0}
2630,{9016.0}
2631,{9209031.0}
2632,{9409006.0}
2633,{9026.0}
2634,{9027.0}
2635,{9702147.0}
2636,{9045.0}
2637,{9503102.0}
2638,{9051.0}
2639,{9510096.0}
2640,{9503145.0}
2641,{9703002.0}
2642,{9601002.0}
2643,{9410032.0}
2644,{9707046.0}
2645,{9086.0}
2646,{9706014.0}
2647,{7199.0}
2648,{9606055.0}
2649,{9407125.0}
2650,{9608101.0}
2651,{9608102.0}
2652,{9302130.0}
2653,{9601144.0}
2654,{9503147.0}
2655,{9104.0}
2656,{9107.0}
2657,{9705032.0}
2658,{9906008.0}
2659,{9204050.0}
2660,{9405079.0}
2661,{9124.0}
2662,{9410098.0}
2663,{9508100.0}
2664,{9611066.0}
2665,{9605031.0}
2666,{9605044.0}
2667,{9605045.0}
2668,{9606195.0}
2669,{9703050.0}
2670,{9804030.0}
2671,{7072.0}
2672,{9805130.0}
2673,{9203013.0}
2674,{9503101.0}
2675,{9307006.0}
2676,{9408128.0}
2677,{9310097.0}
2678,{9308136.0}
2679,{9405054.0}
2680,{9606023.0}
2681,{4033.0}
2682,{9809049.0}
2683,{9207027.0}
2684,{9201024.0}
2685,{9208013.0}
2686,{9301053.0}
2687,{9210071.0}
2688,{9407038.0}
2689,{9210155.0}
2690,{9404032.0}
2691,{9301080.0}
2692,{9403043.0}
2693,{9406127.0}
2694,{9405059.0}
2695,{204253.0}
2696,{9206043.0}
2697,{9204042.0}
2698,{9404064.0}
2699,{9204058.0}
2700,{9902093.0}
2701,{9209002.0}
2702,{9301017.0}
2703,{9303086.0}
2704,{9402056.0}
2705,{9309021.0}
2706,{3172.0}
2707,{9401106.0}
2708,{9305181.0}
2709,{9304025.0}
2710,{9226.0}
2711,{9206033.0}
2712,{9501145.0}
2713,{9206010.0}
2714,{9212071.0}
2715,{9310138.0}
2716,{9123.0}
2717,{9508087.0}
2718,{9406151.0}
2719,{10005.0}
2720,{9206065.0}
2721,{9602146.0}
2722,{9304016.0}
2723,{9201048.0}
2724,{9508013.0}
2725,{9808103.0}
2726,{10031.0}
2727,{10032.0}
2728,{9709210.0}
2729,{9404100.0}
2730,{9911212.0}
2731,{10041.0}
2732,{9605228.0}
2733,{9603001.0}
2734,{9402063.0}
2735,{9510235.0}
2736,{9602058.0}
2737,{9207089.0}
2738,{9601159.0}
2739,{9707077.0}
2740,{9802112.0}
2741,{9406134.0}
2742,{9711167.0}
2743,{9212078.0}
2744,{9503071.0}
2745,{9301093.0}
2746,{9402122.0}
2747,{9212134.0}
2748,{10097.0}
2749,{9212083.0}
2750,{9205082.0}
2751,{9704032.0}
2752,{9212052.0}
2753,{9307102.0}
2754,{9711174.0}
2755,{9202063.0}
2756,{10117.0}
2757,{10134.0}
2758,{10138.0}
2759,{9712078.0}
2760,{9310094.0}
2761,{10149.0}
2762,{10151.0}
2763,{10154.0}
2764,{9210103.0}
2765,{9302121.0}
2766,{9307011.0}
2767,{10167.0}
2768,{10172.0}
2769,{9312162.0}
2770,{9612255.0}
2771,{9704025.0}
2772,{10181.0}
2773,{9806073.0}
2774,{9606125.0}
2775,{10191.0}
2776,{9807112.0}
2777,{9801175.0}
2778,{3079.0}
2779,{9607173.0}
2780,{9210024.0}
2781,{9305046.0}
2782,{9305067.0}
2783,{10217.0}
2784,{101081.0}
2785,{9811100.0}
2786,{9403027.0}
2787,{9803233.0}
2788,{9712126.0}
2789,{9504117.0}
2790,{9408016.0}
2791,{9712191.0}
2792,{9712216.0}
2793,{9909005.0}
2794,{9210098.0}
2795,{9812231.0}
2796,{9402047.0}
2797,{10260.0}
2798,{9210152.0}
2799,{10273.0}
2800,{9308150.0}
2801,{10276.0}
2802,{9308014.0}
2803,{9311100.0}
2804,{9401065.0}
2805,{9307165.0}
2806,{10281.0}
2807,{9610189.0}
2808,{9511109.0}
2809,{10292.0}
2810,{9802188.0}
2811,{11006.0}
2812,{9707221.0}
2813,{11017.0}
2814,{9711136.0}
2815,{9309086.0}
2816,{11049.0}
2817,{4164.0}
2818,{11058.0}
2819,{11193.0}
2820,{11080.0}
2821,{9511175.0}
2822,{11084.0}
2823,{9410079.0}
2824,{9807081.0}
2825,{9310172.0}
2826,{9702120.0}
2827,{9702121.0}
2828,{9211108.0}
2829,{9311137.0}
2830,{9312032.0}
2831,{11112.0}
2832,{11121.0}
2833,{9204025.0}
2834,{9406049.0}
2835,{9612028.0}
2836,{9310146.0}
2837,{9404135.0}
2838,{9311052.0}
2839,{9606134.0}
2840,{9612129.0}
2841,{9410035.0}
2842,{9206038.0}
2843,{9406161.0}
2844,{9405003.0}
2845,{9310063.0}
2846,{11197.0}
2847,{9312132.0}
2848,{12077.0}
2849,{9402121.0}
2850,{9307003.0}
2851,{11216.0}
2852,{9405152.0}
2853,{11220.0}
2854,{9910114.0}
2855,{9307051.0}
2856,{11229.0}
2857,{11231.0}
2858,{9808154.0}
2859,{9812040.0}
2860,{11237.0}
2861,{9302040.0}
2862,{9307018.0}
2863,{9307160.0}
2864,{9308155.0}
2865,{9304041.0}
2866,{9708126.0}
2867,{9410003.0}
2868,{11242.0}
2869,{9812145.0}
2870,{9612161.0}
2871,{11266.0}
2872,{11268.0}
2873,{11272.0}
2874,{105267.0}
2875,{12007.0}
2876,{9411008.0}
2877,{9511138.0}
2878,{12046.0}
2879,{9405076.0}
2880,{9310027.0}
2881,{12057.0}
2882,{9405147.0}
2883,{9612156.0}
2884,{9407139.0}
2885,{9610027.0}
2886,{9705230.0}
2887,{9807129.0}
2888,{9904079.0}
2889,{9808092.0}
2890,{9306120.0}
2891,{9412181.0}
2892,{9503068.0}
2893,{9601062.0}
2894,{9403172.0}
2895,{9612225.0}
2896,{9608143.0}
2897,{9809029.0}
2898,{12103.0}
2899,{9907009.0}
2900,{12111.0}
2901,{12112.0}
2902,{9709092.0}
2903,{9308110.0}
2904,{12125.0}
2905,{9604151.0}
2906,{9907001.0}
2907,{6012.0}
2908,{9406081.0}
2909,{9503221.0}
2910,{9508031.0}
2911,{12177.0}
2912,{9311110.0}
2913,{12197.0}
2914,{9506129.0}
2915,{9910167.0}
2916,{9309062.0}
2917,{9203035.0}
2918,{9212091.0}
2919,{12244.0}
2920,{12249.0}
2921,{9603166.0}
2922,{9309047.0}
2923,{9809112.0}
2924,{9803158.0}
2925,{9811148.0}
2926,{12263.0}
2927,{9503091.0}
2928,{9501035.0}
2929,{9610022.0}
2930,{9205093.0}
2931,{12269.0}
2932,{9705077.0}
2933,{101008.0}
2934,{101010.0}
2935,{9211079.0}
2936,{9207080.0}
2937,{9608130.0}
2938,{9712031.0}
2939,{9211076.0}
2940,{9306148.0}
2941,{9404078.0}
2942,{9409128.0}
2943,{9809064.0}
2944,{9706042.0}
2945,{9703024.0}
2946,{9404085.0}
2947,{9612193.0}
2948,{9406070.0}
2949,{9807025.0}
2950,{9507097.0}
2951,{101108.0}
2952,{101111.0}
2953,{9209030.0}
2954,{9911059.0}
2955,{101129.0}
2956,{9407011.0}
2957,{101149.0}
2958,{9209029.0}
2959,{104071.0}
2960,{9608193.0}
2961,{104217.0}
2962,{104190.0}
2963,{106048.0}
2964,{9212007.0}
2965,{101176.0}
2966,{12235.0}
2967,{5104.0}
2968,{101192.0}
2969,{9704132.0}
2970,{101206.0}
2971,{9311097.0}
2972,{9412130.0}
2973,{102009.0}
2974,{9304144.0}
2975,{102017.0}
2976,{9210140.0}
2977,{9407036.0}
2978,{9410163.0}
2979,{9803157.0}
2980,{9906065.0}
2981,{9508011.0}
2982,{102050.0}
2983,{102054.0}
2984,{9801088.0}
2985,{9911162.0}
2986,{9912205.0}
2987,{9401117.0}
2988,{9503010.0}
2989,{9406078.0}
2990,{9409018.0}
2991,{9301040.0}
2992,{9406005.0}
2993,{9209063.0}
2994,{9910158.0}
2995,{9910247.0}
2996,{9703025.0}
2997,{9310135.0}
2998,{9911171.0}
2999,{102120.0}
3000,{9310099.0}
3001,{9411040.0}
3002,{9208016.0}
3003,{9310084.0}
3004,{9212050.0}
3005,{9205117.0}
3006,{9210117.0}
3007,{9210118.0}
3008,{102212.0}
3009,{9410016.0}
3010,{9311170.0}
3011,{9406177.0}
3012,{9205098.0}
3013,{9206100.0}
3014,{9607101.0}
3015,{9806223.0}
3016,{9708146.0}
3017,{9412146.0}
3018,{103051.0}
3019,{9903255.0}
3020,{9305169.0}
3021,{9712081.0}
3022,{9210029.0}
3023,{9307119.0}
3024,{9408049.0}
3025,{9202040.0}
3026,{103087.0}
3027,{9406122.0}
3028,{9502111.0}
3029,{9503132.0}
3030,{103100.0}
3031,{9706114.0}
3032,{9307188.0}
3033,{9406146.0}
3034,{9404134.0}
3035,{9601047.0}
3036,{9410173.0}
3037,{9302005.0}
3038,{103153.0}
3039,{9301092.0}
3040,{9412058.0}
3041,{9704039.0}
3042,{9604126.0}
3043,{9208005.0}
3044,{9809012.0}
3045,{9306092.0}
3046,{103227.0}
3047,{9201052.0}
3048,{9401120.0}
3049,{9409042.0}
3050,{9409109.0}
3051,{103239.0}
3052,{105032.0}
3053,{109050.0}
3054,{105212.0}
3055,{9305103.0}
3056,{103053.0}
3057,{9403103.0}
3058,{9401113.0}
3059,{9204101.0}
3060,{104005.0}
3061,{104007.0}
3062,{104008.0}
3063,{9204047.0}
3064,{9606167.0}
3065,{9809006.0}
3066,{104015.0}
3067,{9501026.0}
3068,{9509079.0}
3069,{104032.0}
3070,{103135.0}
3071,{9204103.0}
3072,{104042.0}
3073,{104050.0}
3074,{9807044.0}
3075,{9810085.0}
3076,{9512015.0}
3077,{9807178.0}
3078,{3209.0}
3079,{9502117.0}
3080,{9503203.0}
3081,{105203.0}
3082,{9607195.0}
3083,{9607196.0}
3084,{9611034.0}
3085,{104078.0}
3086,{9811188.0}
3087,{104080.0}
3088,{10019.0}
3089,{104092.0}
3090,{9904028.0}
3091,{105247.0}
3092,{9507053.0}
3093,{105228.0}
3094,{105238.0}
3095,{104106.0}
3096,{9607096.0}
3097,{9809051.0}
3098,{104115.0}
3099,{104118.0}
3100,{9204003.0}
3101,{9303095.0}
3102,{9211029.0}
3103,{9305122.0}
3104,{104131.0}
3105,{104140.0}
3106,{2179.0}
3107,{104161.0}
3108,{9801031.0}
3109,{9512047.0}
3110,{9602149.0}
3111,{9612137.0}
3112,{104171.0}
3113,{104174.0}
3114,{104202.0}
3115,{104205.0}
3116,{9705158.0}
3117,{9301123.0}
3118,{104211.0}
3119,{9212125.0}
3120,{104219.0}
3121,{104223.0}
3122,{9308103.0}
3123,{104231.0}
3124,{104240.0}
3125,{9704203.0}
3126,{104251.0}
3127,{9701136.0}
3128,{9810139.0}
3129,{104264.0}
3130,{105001.0}
3131,{9303132.0}
3132,{9304120.0}
3133,{9311057.0}
3134,{105010.0}
3135,{105220.0}
3136,{105027.0}
3137,{105028.0}
3138,{9907120.0}
3139,{4016.0}
3140,{9306049.0}
3141,{9408071.0}
3142,{105049.0}
3143,{105050.0}
3144,{9504164.0}
3145,{9406026.0}
3146,{105057.0}
3147,{9805166.0}
3148,{9403169.0}
3149,{105060.0}
3150,{105063.0}
3151,{105066.0}
3152,{105067.0}
3153,{9502048.0}
3154,{105159.0}
3155,{105078.0}
3156,{105081.0}
3157,{105082.0}
3158,{9508138.0}
3159,{106194.0}
3160,{105091.0}
3161,{9310053.0}
3162,{105136.0}
3163,{105102.0}
3164,{105109.0}
3165,{9512099.0}
3166,{9901097.0}
3167,{12123.0}
3168,{105121.0}
3169,{105122.0}
3170,{105124.0}
3171,{102047.0}
3172,{105141.0}
3173,{9712089.0}
3174,{105148.0}
3175,{105158.0}
3176,{105161.0}
3177,{9305166.0}
3178,{105173.0}
3179,{9203044.0}
3180,{105179.0}
3181,{9407020.0}
3182,{9301120.0}
3183,{105192.0}
3184,{105194.0}
3185,{105216.0}
3186,{105217.0}
3187,{105221.0}
3188,{105236.0}
3189,{105243.0}
3190,{105251.0}
3191,{105261.0}
3192,{105266.0}
3193,{105269.0}
3194,{105271.0}
3195,{1160.0}
3196,{105272.0}
3197,{203114.0}
3198,{105294.0}
3199,{105298.0}
3200,{105018.0}
3201,{9403063.0}
3202,{105303.0}
3203,{105309.0}
3204,{105313.0}
3205,{9204023.0}
3206,{9508005.0}
3207,{9206054.0}
3208,{9402083.0}
3209,{106006.0}
3210,{9308013.0}
3211,{9310164.0}
3212,{106035.0}
3213,{9403036.0}
3214,{9206009.0}
3215,{9808121.0}
3216,{106070.0}
3217,{9302072.0}
3218,{105099.0}
3219,{9511025.0}
3220,{106104.0}
3221,{106105.0}
3222,{9902178.0}
3223,{106139.0}
3224,{111119.0}
3225,{106085.0}
3226,{104165.0}
3227,{106242.0}
3228,{9404119.0}
3229,{9904177.0}
3230,{9202080.0}
3231,{9206040.0}
3232,{106264.0}
3233,{106283.0}
3234,{107006.0}
3235,{107019.0}
3236,{107021.0}
3237,{107028.0}
3238,{9703042.0}
3239,{107046.0}
3240,{107048.0}
3241,{9412093.0}
3242,{9204059.0}
3243,{9607132.0}
3244,{9507156.0}
3245,{107080.0}
3246,{107088.0}
3247,{204008.0}
3248,{107104.0}
3249,{9701040.0}
3250,{103194.0}
3251,{107125.0}
3252,{107004.0}
3253,{107130.0}
3254,{107137.0}
3255,{9209027.0}
3256,{107158.0}
3257,{9612197.0}
3258,{9605038.0}
3259,{9406109.0}
3260,{9508112.0}
3261,{9508025.0}
3262,{9811039.0}
3263,{9906034.0}
3264,{9312007.0}
3265,{9712244.0}
3266,{107230.0}
3267,{107235.0}
3268,{9210106.0}
3269,{9403080.0}
3270,{9505167.0}
3271,{9707101.0}
3272,{9812173.0}
3273,{9706166.0}
3274,{107264.0}
3275,{9509054.0}
3276,{101009.0}
3277,{108034.0}
3278,{108061.0}
3279,{108065.0}
3280,{9407177.0}
3281,{9405020.0}
3282,{9208052.0}
3283,{9303128.0}
3284,{108090.0}
3285,{107094.0}
3286,{9602171.0}
3287,{9306094.0}
3288,{9310106.0}
3289,{9310093.0}
3290,{109010.0}
3291,{203101.0}
3292,{203208.0}
3293,{205177.0}
3294,{108121.0}
3295,{108127.0}
3296,{9410178.0}
3297,{9804169.0}
3298,{108143.0}
3299,{9503104.0}
3300,{108157.0}
3301,{9801196.0}
3302,{9205033.0}
3303,{9602066.0}
3304,{9702177.0}
3305,{9703001.0}
3306,{9902139.0}
3307,{9304042.0}
3308,{108213.0}
3309,{9205105.0}
3310,{9601176.0}
3311,{9206083.0}
3312,{9411065.0}
3313,{9411109.0}
3314,{9910068.0}
3315,{109003.0}
3316,{9711004.0}
3317,{9510066.0}
3318,{9210142.0}
3319,{9205073.0}
3320,{9902039.0}
3321,{109071.0}
3322,{9211014.0}
3323,{9305059.0}
3324,{104148.0}
3325,{111190.0}
3326,{109132.0}
3327,{9404144.0}
3328,{9310010.0}
3329,{109145.0}
3330,{9211085.0}
3331,{109159.0}
3332,{9212022.0}
3333,{9310038.0}
3334,{109172.0}
3335,{109178.0}
3336,{109189.0}
3337,{9510196.0}
3338,{9208079.0}
3339,{9209015.0}
3340,{9504125.0}
3341,{9505165.0}
3342,{109218.0}
3343,{9410019.0}
3344,{110004.0}
3345,{9312034.0}
3346,{110023.0}
3347,{9504009.0}
3348,{109120.0}
3349,{9906050.0}
3350,{9502016.0}
3351,{9707030.0}
3352,{9309064.0}
3353,{9510068.0}
3354,{110069.0}
3355,{110075.0}
3356,{111257.0}
3357,{12243.0}
3358,{110102.0}
3359,{110114.0}
3360,{9611126.0}
3361,{9703018.0}
3362,{9902114.0}
3363,{110121.0}
3364,{204037.0}
3365,{210088.0}
3366,{210227.0}
3367,{110127.0}
3368,{9212154.0}
3369,{9205031.0}
3370,{109135.0}
3371,{109033.0}
3372,{9902127.0}
3373,{9709201.0}
3374,{9503160.0}
3375,{9209033.0}
3376,{9310132.0}
3377,{110193.0}
3378,{9604175.0}
3379,{12127.0}
3380,{9301089.0}
3381,{104096.0}
3382,{9411089.0}
3383,{110251.0}
3384,{9202005.0}
3385,{9911078.0}
3386,{9402126.0}
3387,{111030.0}
3388,{9410038.0}
3389,{110297.0}
3390,{9209042.0}
3391,{9211073.0}
3392,{9602044.0}
3393,{108019.0}
3394,{9908192.0}
3395,{111028.0}
3396,{9706200.0}
3397,{9505141.0}
3398,{111098.0}
3399,{204091.0}
3400,{111116.0}
3401,{111117.0}
3402,{111138.0}
3403,{3107.0}
3404,{111083.0}
3405,{9207117.0}
3406,{111167.0}
3407,{111179.0}
3408,{111187.0}
3409,{9709111.0}
3410,{9605084.0}
3411,{9506163.0}
3412,{9802166.0}
3413,{111223.0}
3414,{9910213.0}
3415,{111115.0}
3416,{111244.0}
3417,{9211141.0}
3418,{9901040.0}
3419,{9901047.0}
3420,{9602025.0}
3421,{9607039.0}
3422,{9905072.0}
3423,{111264.0}
3424,{9401032.0}
3425,{112033.0}
3426,{112038.0}
3427,{112089.0}
3428,{112092.0}
3429,{9502133.0}
3430,{9502135.0}
3431,{9611005.0}
3432,{9611006.0}
3433,{112102.0}
3434,{9609146.0}
3435,{101142.0}
3436,{9601025.0}
3437,{9307136.0}
3438,{112204.0}
3439,{110205.0}
3440,{9308054.0}
3441,{9611236.0}
3442,{9906066.0}
3443,{112247.0}
3444,{9404145.0}
3445,{9411139.0}
3446,{9310158.0}
3447,{201031.0}
3448,{9610051.0}
3449,{9709162.0}
3450,{201040.0}
3451,{9606155.0}
3452,{201045.0}
3453,{110197.0}
3454,{201060.0}
3455,{9805061.0}
3456,{9704188.0}
3457,{9503051.0}
3458,{9403138.0}
3459,{104053.0}
3460,{9209065.0}
3461,{9302114.0}
3462,{9306019.0}
3463,{9306079.0}
3464,{9306129.0}
3465,{9206019.0}
3466,{201114.0}
3467,{201116.0}
3468,{201148.0}
3469,{9904176.0}
3470,{201164.0}
3471,{201168.0}
3472,{201185.0}
3473,{9510112.0}
3474,{9301132.0}
3475,{201204.0}
3476,{9212092.0}
3477,{9411152.0}
3478,{9701058.0}
3479,{201255.0}
3480,{9202089.0}
3481,{9206042.0}
3482,{202076.0}
3483,{9302085.0}
3484,{202095.0}
3485,{101012.0}
3486,{9206018.0}
3487,{9306140.0}
3488,{9304070.0}
3489,{9306090.0}
3490,{9903220.0}
3491,{9201069.0}
3492,{9204051.0}
3493,{9310117.0}
3494,{203079.0}
3495,{9707020.0}
3496,{9404172.0}
3497,{203120.0}
3498,{9812179.0}
3499,{9809171.0}
3500,{203145.0}
3501,{9511165.0}
3502,{203182.0}
3503,{9804091.0}
3504,{203207.0}
3505,{9901074.0}
3506,{111196.0}
3507,{203248.0}
3508,{203067.0}
3509,{9512033.0}
3510,{106090.0}
3511,{204120.0}
3512,{9402010.0}
3513,{9403020.0}
3514,{204141.0}
3515,{9411007.0}
3516,{9404158.0}
3517,{9407085.0}
3518,{9209110.0}
3519,{9201009.0}
3520,{204227.0}
3521,{205043.0}
3522,{9303049.0}
3523,{9503075.0}
3524,{9401155.0}
3525,{9605226.0}
3526,{9804130.0}
3527,{205026.0}
3528,{205031.0}
3529,{205039.0}
3530,{203225.0}
3531,{9311073.0}
3532,{211031.0}
3533,{9404046.0}
3534,{9401167.0}
3535,{205151.0}
3536,{205152.0}
3537,{205166.0}
3538,{9512120.0}
3539,{9312079.0}
3540,{9203003.0}
3541,{9805024.0}
3542,{9502008.0}
3543,{205302.0}
3544,{9906074.0}
3545,{205318.0}
3546,{205046.0}
3547,{9212102.0}
3548,{9208061.0}
3549,{9303118.0}
3550,{206096.0}
3551,{206114.0}
3552,{206130.0}
3553,{204131.0}
3554,{9902027.0}
3555,{206190.0}
3556,{206206.0}
3557,{9211038.0}
3558,{206233.0}
3559,{112237.0}
3560,{9602121.0}
3561,{206242.0}
3562,{207016.0}
3563,{9202051.0}
3564,{9412071.0}
3565,{207031.0}
3566,{9407058.0}
3567,{207112.0}
3568,{207110.0}
3569,{9402065.0}
3570,{207188.0}
3571,{201087.0}
3572,{9310140.0}
3573,{9406098.0}
3574,{9412083.0}
3575,{9303130.0}
3576,{9306152.0}
3577,{9405077.0}
3578,{9607230.0}
3579,{9704144.0}
3580,{207254.0}
3581,{9309051.0}
3582,{9306071.0}
3583,{208047.0}
3584,{208072.0}
3585,{9304074.0}
3586,{9407054.0}
3587,{208106.0}
3588,{208093.0}
3589,{9509045.0}
3590,{208154.0}
3591,{110060.0}
3592,{9905171.0}
3593,{208174.0}
3594,{9705231.0}
3595,{209036.0}
3596,{104024.0}
3597,{9307182.0}
3598,{209071.0}
3599,{9404177.0}
3600,{9209112.0}
3601,{9209060.0}
3602,{9211032.0}
3603,{209249.0}
3604,{210004.0}
3605,{9608038.0}
3606,{9610183.0}
3607,{112213.0}
3608,{9207096.0}
3609,{9308036.0}
3610,{9309157.0}
3611,{9702130.0}
3612,{210109.0}
3613,{207085.0}
3614,{9309098.0}
3615,{210152.0}
3616,{209118.0}
3617,{210186.0}
3618,{210313.0}
3619,{9205057.0}
3620,{9302079.0}
3621,{9408163.0}
3622,{9204100.0}
3623,{9304017.0}
3624,{211048.0}
3625,{9905154.0}
3626,{9406130.0}
3627,{9604197.0}
3628,{9601093.0}
3629,{111137.0}
3630,{9402137.0}
3631,{204003.0}
3632,{206008.0}
3633,{211189.0}
3634,{9512151.0}
3635,{211223.0}
3636,{9810076.0}
3637,{9904103.0}
3638,{9201035.0}
3639,{9308109.0}
3640,{9505015.0}
3641,{9411228.0}
3642,{9802065.0}
3643,{212129.0}
3644,{9404018.0}
3645,{9512002.0}
3646,{212290.0}
3647,{9501130.0}
3648,{9303020.0}
3649,{9309160.0}
3650,{301089.0}
3651,{303037.0}
3652,{301122.0}
3653,{301139.0}
3654,{301146.0}
3655,{9501095.0}
3656,{301177.0}
3657,{9906003.0}
3658,{301218.0}
3659,{9605004.0}
3660,{9802159.0}
3661,{9702029.0}
3662,{9703184.0}
3663,{302021.0}
3664,{9304107.0}
3665,{109221.0}
3666,{302069.0}
3667,{302083.0}
3668,{9308046.0}
3669,{9312064.0}
3670,{9412205.0}
3671,{9610044.0}
3672,{210204.0}
3673,{302151.0}
3674,{9610221.0}
3675,{9712250.0}
3676,{9409080.0}
3677,{9508160.0}
3678,{9210027.0}
3679,{9702064.0}
3680,{9910239.0}
3681,{9212047.0}
3682,{9302057.0}
3683,{303073.0}
3684,{304089.0}
3685,{303117.0}
3686,{303140.0}
3687,{303207.0}
3688,{9407059.0}
3689,{9412040.0}
3690,{303268.0}
3691,{304107.0}
3692,{9910073.0}
3693,{9804045.0}
3694,{9711015.0}
3695,{9604180.0}
3696,{9701111.0}
3697,{9404156.0}
3698,{9206091.0}
3699,{9608172.0}
3700,{9202081.0}
3701,{9506176.0}
3702,{9611216.0}
3703,{9201042.0}
3704,{9202076.0}
3705,{9206073.0}
3706,{9207029.0}
3707,{9207030.0}
3708,{9204038.0}
3709,{9203024.0}
3710,{9202050.0}
3711,{9203028.0}
3712,{9208065.0}
3713,{9205001.0}
3714,{9205087.0}
3715,{9205100.0}
3716,{9201037.0}
3717,{9201068.0}
3718,{9204016.0}
3719,{9206031.0}
3720,{9207041.0}
3721,{9209039.0}
3722,{9302064.0}
3723,{9302075.0}
3724,{9202090.0}
3725,{9204033.0}
3726,{9303087.0}
3727,{9206099.0}
3728,{9206102.0}
3729,{9204067.0}
3730,{9211024.0}
3731,{9303177.0}
3732,{9304004.0}
3733,{9212132.0}
3734,{9207055.0}
3735,{9207022.0}
3736,{9210125.0}
3737,{9304090.0}
3738,{9301107.0}
3739,{9303084.0}
3740,{9303166.0}
3741,{9206089.0}
3742,{9305176.0}
3743,{9212040.0}
3744,{9302113.0}
3745,{9306088.0}
3746,{9303096.0}
3747,{9206066.0}
3748,{9205067.0}
3749,{9210093.0}
3750,{9207081.0}
3751,{9305113.0}
3752,{9306142.0}
3753,{9208017.0}
3754,{9202078.0}
3755,{9307095.0}
3756,{9309063.0}
3757,{9205007.0}
3758,{9301054.0}
3759,{9204086.0}
3760,{9310007.0}
3761,{9310103.0}
3762,{9212151.0}
3763,{9310163.0}
3764,{9212098.0}
3765,{9302061.0}
3766,{9202009.0}
3767,{9310192.0}
3768,{9305076.0}
3769,{9305145.0}
3770,{9308029.0}
3771,{9310129.0}
3772,{9210028.0}
3773,{9207058.0}
3774,{9304147.0}
3775,{9305071.0}
3776,{9306016.0}
3777,{9311171.0}
3778,{9312006.0}
3779,{9312010.0}
3780,{9312105.0}
3781,{9208003.0}
3782,{9312125.0}
3783,{9306062.0}
3784,{9212051.0}
3785,{9301041.0}
3786,{9305186.0}
3787,{9210145.0}
3788,{9305048.0}
3789,{9208010.0}
3790,{9402064.0}
3791,{9309130.0}
3792,{9303161.0}
3793,{9302082.0}
3794,{9310154.0}
3795,{9402150.0}
3796,{9202033.0}
3797,{9303061.0}
3798,{9211099.0}
3799,{9403085.0}
3800,{9204066.0}
3801,{9205019.0}
3802,{9206104.0}
3803,{9403093.0}
3804,{9311096.0}
3805,{9403160.0}
3806,{9403178.0}
3807,{9402011.0}
3808,{9404069.0}
3809,{9404016.0}
3810,{9404139.0}
3811,{9301077.0}
3812,{9404193.0}
3813,{9404178.0}
3814,{9309061.0}
3815,{9203034.0}
3816,{9311029.0}
3817,{9301087.0}
3818,{9210022.0}
3819,{9303142.0}
3820,{9302062.0}
3821,{9301085.0}
3822,{9405068.0}
3823,{9403107.0}
3824,{9303151.0}
3825,{9210094.0}
3826,{9306104.0}
3827,{9309112.0}
3828,{9311160.0}
3829,{9208014.0}
3830,{9409005.0}
3831,{9409148.0}
3832,{9207076.0}
3833,{9310171.0}
3834,{9310189.0}
3835,{9405116.0}
3836,{9401054.0}
3837,{9410179.0}
3838,{9410195.0}
3839,{9410200.0}
3840,{9410233.0}
3841,{9410110.0}
3842,{9308044.0}
3843,{9411137.0}
3844,{9411143.0}
3845,{9212056.0}
3846,{9303028.0}
3847,{9312128.0}
3848,{9412010.0}
3849,{9212156.0}
3850,{9404055.0}
3851,{9411001.0}
3852,{9407174.0}
3853,{9308035.0}
3854,{9410049.0}
3855,{9501123.0}
3856,{9210100.0}
3857,{9502128.0}
3858,{9503206.0}
3859,{9404074.0}
3860,{9504042.0}
3861,{9407142.0}
3862,{9411066.0}
3863,{9412233.0}
3864,{9505034.0}
3865,{9401150.0}
3866,{9504118.0}
3867,{9405123.0}
3868,{9410025.0}
3869,{9410094.0}
3870,{9505178.0}
3871,{9412001.0}
3872,{9304002.0}
3873,{9306116.0}
3874,{9508145.0}
3875,{9403034.0}
3876,{9308074.0}
3877,{9503195.0}
3878,{9509093.0}
3879,{9503015.0}
3880,{9308012.0}
3881,{9308063.0}
3882,{9412056.0}
3883,{9509068.0}
3884,{9509131.0}
3885,{9407156.0}
3886,{9503090.0}
3887,{9601054.0}
3888,{9307067.0}
3889,{9512159.0}
3890,{9410231.0}
3891,{9601103.0}
3892,{9508051.0}
3893,{9410221.0}
3894,{9602130.0}
3895,{9503110.0}
3896,{9410197.0}
3897,{9509150.0}
3898,{9509023.0}
3899,{9604100.0}
3900,{9306115.0}
3901,{9605055.0}
3902,{9407170.0}
3903,{9603070.0}
3904,{9602003.0}
3905,{9604029.0}
3906,{9604036.0}
3907,{9507037.0}
3908,{9606057.0}
3909,{9404102.0}
3910,{9606110.0}
3911,{9606129.0}
3912,{9411239.0}
3913,{9607111.0}
3914,{9608007.0}
3915,{9507039.0}
3916,{9312028.0}
3917,{9312029.0}
3918,{9609036.0}
3919,{9602042.0}
3920,{9609110.0}
3921,{9601100.0}
3922,{9605040.0}
3923,{9609170.0}
3924,{9408072.0}
3925,{9412193.0}
3926,{9607133.0}
3927,{9508171.0}
3928,{9611156.0}
3929,{9507130.0}
3930,{9507131.0}
3931,{9510046.0}
3932,{9407153.0}
3933,{9608159.0}
3934,{9607192.0}
3935,{9510019.0}
3936,{9607189.0}
3937,{9612206.0}
3938,{9704033.0}
3939,{9410236.0}
3940,{9704215.0}
3941,{9607023.0}
3942,{9706080.0}
3943,{9707107.0}
3944,{9708066.0}
3945,{9709031.0}
3946,{9709051.0}
3947,{9612124.0}
3948,{9505031.0}
3949,{9709070.0}
3950,{9709212.0}
3951,{9711188.0}
3952,{9710054.0}
3953,{9406074.0}
3954,{9808105.0}
3955,{9802025.0}
3956,{9809170.0}
3957,{9811018.0}
3958,{9901070.0}
3959,{9803008.0}
3960,{9903171.0}
3961,{9906086.0}
3962,{9909060.0}
3963,{6187.0}
